"Date","Low","Open","Volume","High","Close","Adjusted.Close"
"18-11-1999",28.6123027801514,32.5464935302734,62546380,35.765380859375,31.4735336303711,26.929759979248
"19-11-1999",28.4781837463379,30.7135181427002,15234146,30.7582263946533,28.8805446624756,24.7111186981201
"22-11-1999",28.6570091247559,29.5511436462402,6577870,31.4735336303711,31.4735336303711,26.929759979248
"23-11-1999",28.6123027801514,30.4005718231201,5975611,31.2052936553955,28.6123027801514,24.4816017150879
"24-11-1999",28.6123027801514,28.701717376709,4843231,29.9982128143311,29.3723182678223,25.1319007873535
"26-11-1999",29.1487846374512,29.2381973266602,1729466,29.6852645874023,29.4617309570312,25.2084083557129
"29-11-1999",29.0146636962891,29.3276119232178,4074751,30.3558654785156,30.1323318481445,25.7821865081787
"30-11-1999",29.2829036712646,30.0429172515869,4310034,30.7135181427002,30.177038192749,25.8204364776611
"01-12-1999",29.9535045623779,30.177038192749,2957329,31.0711727142334,30.7135181427002,26.2794628143311
"02-12-1999",30.8923454284668,31.2947063446045,3069868,32.1888427734375,31.5629463195801,27.0062637329102
"03-12-1999",31.6970672607422,32.1441345214844,3041629,32.6806144714355,31.8311862945557,27.235782623291
"06-12-1999",32.3229598999023,32.3676681518555,2250780,33.2170944213867,32.7253227233887,28.0008373260498
"07-12-1999",31.6970672607422,32.7253227233887,2215970,32.9041481018066,32.3676681518555,27.6948184967041
"08-12-1999",32.0547218322754,32.3676681518555,1887859,32.6359062194824,32.3229598999023,27.6565589904785
"09-12-1999",32.3676681518555,32.3676681518555,2029057,32.8594436645508,32.7700271606445,28.039083480835
"10-12-1999",32.0100135803223,32.6806144714355,1664738,32.8594436645508,32.0100135803223,27.3887920379639
"13-12-1999",31.7417736053467,32.5464935302734,4020508,33.0829772949219,32.5464935302734,27.8478202819824
"14-12-1999",30.08762550354,32.4570808410645,2328928,32.4570808410645,30.7582263946533,26.3177223205566
"15-12-1999",29.3276119232178,30.0429172515869,2917766,30.2664527893066,29.8193855285645,25.5144233703613
"16-12-1999",30.0429172515869,30.0429172515869,2583923,33.798282623291,33.798282623291,28.9188976287842
"17-12-1999",32.5017890930176,33.1723899841309,3708055,33.708869934082,32.8594436645508,28.115592956543
"20-12-1999",32.9935607910156,33.0829772949219,1196828,33.5747489929199,33.5300445556641,28.6893825531006
"21-12-1999",32.9041481018066,33.395923614502,2259448,33.395923614502,33.3512153625488,28.5363712310791
"22-12-1999",33.1276817321777,33.3512153625488,1905754,34.0218162536621,34.0218162536621,29.1101512908936
"23-12-1999",33.9324035644531,33.9771118164062,2159491,35.765380859375,35.5865516662598,30.4490032196045
"27-12-1999",35.4524307250977,35.7206726074219,2029616,38.0454216003418,37.7771835327148,32.3233642578125
"28-12-1999",38.581901550293,38.8054351806641,3560007,43.9914169311523,43.9914169311523,37.6404762268066
"29-12-1999",45.0196723937988,45.0643768310547,10518552,56.5540046691895,51.5021476745605,44.0668869018555
"30-12-1999",53.1115875244141,54.3633766174316,6671116,57.2246055603027,56.6881256103516,48.5041694641113
"31-12-1999",54.5422019958496,56.8669548034668,1931197,57.1799011230469,55.3022155761719,47.3183479309082
"03-01-2000",48.19384765625,56.3304710388184,4674353,56.4645919799805,51.5021476745605,44.0668869018555
"04-01-2000",46.3161659240723,48.7303276062012,4765083,49.2668113708496,47.5679550170898,40.7006607055664
"05-01-2000",43.1419906616211,47.3891258239746,5758642,47.5679550170898,44.6173095703125,38.1759986877441
"06-01-2000",41.5772514343262,44.0808296203613,2534434,44.3490715026855,42.9184532165527,36.722412109375
"07-01-2000",42.2031478881836,42.2478523254395,2819626,47.1655921936035,46.4949913024902,39.7826080322266
"10-01-2000",48.3279685974121,49.3562240600586,2148446,49.8032913208008,49.3115158081055,42.192512512207
"11-01-2000",47.5232467651367,49.3115158081055,1855985,49.3115158081055,48.6409149169922,41.6187210083008
"12-01-2000",45.824390411377,48.6409149169922,1429874,48.6409149169922,47.6573677062988,40.7771682739258
"13-01-2000",47.2103004455566,48.9091567993164,1134337,49.9374122619629,48.3726768493652,41.3892059326172
"14-01-2000",47.925609588623,47.925609588623,1316916,49.6244621276855,48.9091567993164,41.8482284545898
"18-01-2000",48.7303276062012,49.0879821777344,2101753,52.1280403137207,51.1444931030273,43.7608642578125
"19-01-2000",49.9374122619629,51.5021476745605,2624885,51.5021476745605,50.0715293884277,42.8427963256836
"20-01-2000",48.283260345459,50.6080093383789,2007947,50.6974258422852,48.7303276062012,41.695240020752
"21-01-2000",47.5232467651367,49.4456367492676,1918336,49.6244621276855,49.1773948669434,42.0777473449707
"24-01-2000",48.6409149169922,48.9985694885254,2095882,51.3680267333984,48.9985694885254,41.9247627258301
"25-01-2000",47.5232467651367,49.1773948669434,1153769,49.8032913208008,48.4173812866211,41.4274673461914
"26-01-2000",48.5515022277832,48.5962104797363,1022357,49.5350494384766,48.8644485473633,41.8099937438965
"27-01-2000",48.104434967041,49.9821166992188,868577,50.4291839599609,48.9538612365723,41.8864936828613
"28-01-2000",48.2385559082031,49.7138786315918,1609238,49.7138786315918,48.6856231689453,41.6569862365723
"31-01-2000",46.3161659240723,48.3279685974121,1040392,48.3726768493652,47.3444213867188,40.5094032287598
"01-02-2000",47.3891258239746,47.3891258239746,1404291,51.5021476745605,50.7868385314941,43.454833984375
"02-02-2000",51.1891975402832,51.4127311706543,1945177,54.7210311889648,54.7210311889648,46.8210639953613
"03-02-2000",52.798641204834,53.7821884155273,1779514,55.6151657104492,55.6151657104492,47.5861015319824
"04-02-2000",53.6480674743652,55.6151657104492,1145661,55.6151657104492,54.5422019958496,46.6680450439453
"07-02-2000",54.5422019958496,55.5704574584961,1274277,57.2246055603027,56.8669548034668,48.6571846008301
"08-02-2000",55.9728164672852,57.7610855102539,1169707,58.7893409729004,56.5093002319336,48.3511695861816
"09-02-2000",54.1398429870605,55.525749206543,1182848,56.2857666015625,54.1845474243164,46.3620491027832
"10-02-2000",53.8716011047363,55.078685760498,1066814,56.3751792907715,54.8551483154297,46.9358253479004
"11-02-2000",53.5139465332031,54.7210311889648,751705,54.9445648193359,53.9163093566895,46.1325340270996
"14-02-2000",53.5139465332031,53.8268966674805,837682,55.0339775085449,54.6763229370117,46.7828102111816
"15-02-2000",54.7657356262207,54.7657356262207,2017594,59.3705291748047,58.5658073425293,50.1107902526855
"16-02-2000",56.7775382995605,57.2246055603027,1801742,58.5658073425293,57.9399147033691,49.5752449035645
"17-02-2000",55.525749206543,57.9399147033691,944908,69.3848342895508,69.3848342895508,59.3679046630859
"18-02-2000",62.9917755126953,63.3047218322754,4060072,68.5801162719727,67.0600891113281,57.3787651062012
"22-02-2000",64.377685546875,68.6695251464844,2227993,69.653076171875,65.4506454467773,56.0016746520996
"23-02-2000",65.5400543212891,65.5400543212891,1690042,71.8884124755859,70.8154525756836,60.5919799804688
"24-02-2000",71.8884124755859,72.5143051147461,2956351,82.5733184814453,76.3590850830078,65.3352737426758
"25-02-2000",73.8555068969727,73.9449234008789,2048210,81.500358581543,77.3426284790039,66.1768341064453
"28-02-2000",70.2789688110352,77.3426284790039,1675363,78.1026458740234,72.2460632324219,61.816047668457
"29-02-2000",72.469596862793,72.5590133666992,958049,76.4485015869141,74.3025741577148,63.57568359375
"01-03-2000",74.5708160400391,74.749641418457,1037875,79.9356231689453,78.0579376220703,66.7888641357422
"02-03-2000",73.3190307617188,78.6391296386719,1188300,78.6838302612305,75.3196563720703,64.445915222168
"03-03-2000",75.0625915527344,75.0625915527344,1215841,79.9356231689453,77.2532196044922,66.1003265380859
"06-03-2000",80.4720993041992,80.8297576904297,5693495,115.879829406738,113.733909606934,97.3143692016602
"07-03-2000",93.7052917480469,111.587982177734,7710809,115.164520263672,101.573677062988,86.90966796875
"08-03-2000",100.143058776855,104.434906005859,3953963,108.726753234863,108.726753234863,93.0300903320312
"09-03-2000",103.719596862793,105.150215148926,2514583,110.157371520996,109.44206237793,93.6421279907227
"10-03-2000",100.143058776855,109.44206237793,2479353,110.783264160156,101.573677062988,86.90966796875
"13-03-2000",92.6323318481445,93.0346908569336,2626702,99.3830490112305,93.8841171264648,80.3302688598633
"14-03-2000",85.0321884155273,95.1359100341797,3522960,97.2818298339844,86.8204574584961,74.2863693237305
"15-03-2000",81.0085830688477,91.6487808227539,3046242,91.6487808227539,81.7238922119141,69.9255981445312
"16-03-2000",80.1144485473633,82.9756774902344,2769578,87.9828338623047,84.4510040283203,72.2589797973633
"17-03-2000",84.4957046508789,85.3451385498047,1563803,90.8440628051758,86.6416320800781,74.1333618164062
"20-03-2000",80.8297576904297,86.1498565673828,1420648,86.9098739624023,81.3662338256836,69.6195678710938
"21-03-2000",75.6437759399414,79.2203140258789,2528283,82.260368347168,82.260368347168,70.3845977783203
"22-03-2000",78.0132293701172,81.2321166992188,1967965,86.5075073242188,85.4345474243164,73.1005325317383
"23-03-2000",83.6909866333008,85.3004302978516,1951888,88.5193099975586,85.6133728027344,73.253532409668
"24-03-2000",83.1545028686523,84.9427719116211,1230520,86.5522155761719,85.8369064331055,73.44482421875
"27-03-2000",80.9638748168945,84.540412902832,846769,85.4792556762695,81.7238922119141,69.9255981445312
"28-03-2000",81.1874084472656,81.5450668334961,1392548,87.2228164672852,85.2110137939453,72.9092788696289
"29-03-2000",78.6838302612305,85.1216049194336,1250371,86.5522155761719,80.1144485473633,68.5485000610352
"30-03-2000",70.9048614501953,77.387336730957,2034230,80.4720993041992,75.1072998046875,64.2642135620117
"31-03-2000",64.377685546875,75.8226013183594,3732940,75.8226013183594,74.3919906616211,63.652156829834
"03-04-2000",65.6294708251953,73.6766815185547,2030875,73.8555068969727,70.1001434326172,59.9799156188965
"04-04-2000",58.6552238464355,70.1001434326172,3519884,73.2296142578125,66.8812561035156,57.2257461547852
"05-04-2000",64.4670944213867,66.3447799682617,2109163,71.4413452148438,69.3401260375977,59.3296356201172
"06-04-2000",69.4295425415039,70.3683853149414,1375073,75.1072998046875,75.1072998046875,64.2642135620117
"07-04-2000",76.5826187133789,76.8955612182617,2975224,89.413444519043,87.2675247192383,74.6688995361328
"10-04-2000",75.3755340576172,87.2675247192383,2956071,87.2675247192383,76.627326965332,65.5647888183594
"11-04-2000",71.2178115844727,72.2460632324219,1896107,75.0178833007812,72.2013626098633,61.7777824401855
"12-04-2000",59.3705291748047,70.1001434326172,4351555,70.9942779541016,61.5164527893066,52.6354446411133
"13-04-2000",62.2317581176758,62.9470672607422,3736574,69.3848342895508,64.377685546875,55.0836067199707
"14-04-2000",57.9399147033691,62.7682418823242,2862685,63.9753227233887,59.1469955444336,50.6080703735352
"17-04-2000",52.2621612548828,57.2693138122559,2757555,59.1022872924805,56.8669548034668,48.6571846008301
"18-04-2000",53.7374801635742,55.7939910888672,3758243,62.9470672607422,62.2317581176758,53.2474899291992
"19-04-2000",60.0858383178711,62.2317581176758,2423992,64.3329772949219,62.410587310791,53.4005012512207
"20-04-2000",62.5,62.8576545715332,1453081,65.6294708251953,64.3329772949219,55.0453643798828
"24-04-2000",60.8458518981934,62.321174621582,1698570,66.0765380859375,65.5400543212891,56.0781669616699
"25-04-2000",64.377685546875,67.6859817504883,1123293,68.3565826416016,64.377685546875,55.0836067199707
"26-04-2000",65.5400543212891,68.0436325073242,976503,68.0883407592773,65.7188873291016,56.2311859130859
"27-04-2000",63.6623764038086,63.7517890930176,2281256,66.7024307250977,64.9141616821289,55.5426254272461
"28-04-2000",62.1870536804199,64.377685546875,1779374,64.4223861694336,63.3941345214844,54.2420425415039
"01-05-2000",63.3941345214844,63.3941345214844,1895688,68.8483581542969,68.2224578857422,58.3733253479004
"02-05-2000",69.6977844238281,70.2789688110352,4259426,74.4813995361328,72.0784149169922,61.6725997924805
"03-05-2000",64.1094436645508,69.7424926757812,2327390,70.1001434326172,65.4506454467773,56.0016746520996
"04-05-2000",63.1258926391602,65.4506454467773,1188300,65.4506454467773,64.556510925293,55.2366256713867
"05-05-2000",64.1094436645508,64.5118026733398,1263373,66.836555480957,65.4059371948242,55.9634056091309
"08-05-2000",60.4881973266602,65.7188873291016,1078277,65.7188873291016,60.6223182678223,51.8703956604004
"09-05-2000",56.1963500976562,61.1587982177734,1718561,61.8741073608398,57.3587265014648,49.0779571533203
"10-05-2000",54.1845474243164,56.5093002319336,1601409,57.0010719299316,55.078685760498,47.1270942687988
"11-05-2000",54.3633766174316,55.436336517334,1681934,56.7775382995605,54.7657356262207,46.8593139648438
"12-05-2000",58.8340492248535,60.0858383178711,13565912,70.1001434326172,64.7800445556641,55.4278717041016
"15-05-2000",60.8905563354492,64.377685546875,4442844,65.0929870605469,63.0811882019043,53.974292755127
"16-05-2000",62.9470672607422,64.4670944213867,5770804,69.3401260375977,63.3047218322754,54.1655464172363
"17-05-2000",54.9445648193359,59.5493545532227,12450728,59.9070091247559,55.7939910888672,47.7391128540039
"18-05-2000",50.7868385314941,55.7939910888672,6153437,56.4645919799805,50.7868385314941,43.454833984375
"19-05-2000",47.2997131347656,51.9939193725586,5261093,53.4245338439941,47.6573677062988,40.7771682739258
"22-05-2000",42.8737487792969,47.925609588623,7820692,48.6409149169922,44.6173095703125,38.1759986877441
"23-05-2000",40.4595832824707,44.3043632507324,5214680,45.2432060241699,41.4878387451172,35.4983291625977
"24-05-2000",38.6266098022461,41.3090133666992,7957276,42.8737487792969,42.2031478881836,36.1103553771973
"25-05-2000",41.6666679382324,42.3819732666016,7678096,49.1773948669434,49.1773948669434,42.0777473449707
"26-05-2000",46.0032196044922,47.925609588623,4956329,48.9985694885254,46.4949913024902,39.7826080322266
"30-05-2000",47.2550086975098,47.3444213867188,5338822,54.6763229370117,53.9163093566895,46.1325340270996
"31-05-2000",52.0386276245117,52.9327621459961,4408313,55.9281120300293,52.6645202636719,45.061450958252
"01-06-2000",52.0386276245117,53.2457084655762,3948232,54.5869102478027,52.2174530029297,44.6789245605469
"02-06-2000",52.5751075744629,52.5751075744629,17086356,58.6552238464355,58.4763946533203,50.0342826843262
"05-06-2000",54.7210311889648,57.9399147033691,10643114,59.9070091247559,56.5093002319336,48.3511695861816
"06-06-2000",49.4009284973145,53.7821884155273,12180774,54.0057220458984,50.7868385314941,43.454833984375
"07-06-2000",46.8526458740234,50.0715293884277,11422359,51.6809730529785,47.925609588623,41.0066833496094
"08-06-2000",47.7914886474609,47.925609588623,9571267,49.9374122619629,49.4456367492676,42.3072738647461
"09-06-2000",49.8927040100098,49.8927040100098,9270138,52.0833320617676,50.6974258422852,43.3783493041992
"12-06-2000",46.6738204956055,51.9492111206055,5674901,51.9492111206055,47.2103004455566,40.3946495056152
"13-06-2000",46.1373405456543,46.1373405456543,7718358,51.3233184814453,49.4009284973145,42.2690086364746
"14-06-2000",47.925609588623,50.6080093383789,5610873,51.1444931030273,48.4620895385742,41.4657135009766
"15-06-2000",46.3608741760254,48.5962104797363,6797775,48.5962104797363,47.1655921936035,40.3563957214355
"16-06-2000",44.3490715026855,47.3444213867188,6487699,47.6126594543457,44.7961387634277,38.3290023803711
"19-06-2000",44.4384841918945,44.4384841918945,6811475,49.3562240600586,48.6409149169922,41.6187210083008
"20-06-2000",48.9091567993164,49.3115158081055,11718176,54.2739639282227,52.6645202636719,45.061450958252
"21-06-2000",52.4409866333008,52.4856948852539,8977676,57.1799011230469,56.1516456604004,48.0451583862305
"22-06-2000",53.201000213623,57.0457801818848,6733747,57.0904846191406,54.1845474243164,46.3620491027832
"23-06-2000",52.8433494567871,52.888053894043,3969481,55.436336517334,53.7374801635742,45.9794998168945
"26-06-2000",52.977466583252,53.6480674743652,3824369,54.5869102478027,53.7374801635742,45.9794998168945
"27-06-2000",53.0221748352051,53.5586547851562,4110120,54.9445648193359,53.9610176086426,46.170783996582
"28-06-2000",55.6151657104492,56.3304710388184,9895184,57.3587265014648,56.8669548034668,48.6571846008301
"29-06-2000",53.6480674743652,57.1351928710938,8660750,57.1799011230469,54.2739639282227,46.4385299682617
"30-06-2000",52.6868743896484,54.8551483154297,8280214,56.8669548034668,52.7539329528809,45.1379547119141
"03-07-2000",51.3233184814453,52.9327621459961,3195688,53.0668792724609,52.709228515625,45.0997085571289
"05-07-2000",49.8032913208008,51.5915603637695,5399915,51.9939193725586,50.250358581543,42.9958229064941
"06-07-2000",48.8644485473633,50.0715293884277,4201409,50.3844795227051,49.4456367492676,42.3072738647461
"07-07-2000",47.7467803955078,50.0715293884277,5992247,50.3844795227051,48.283260345459,41.3126945495605
"10-07-2000",48.3726768493652,48.4620895385742,5362728,50.250358581543,48.9985694885254,41.9247627258301
"11-07-2000",47.2997131347656,48.6409149169922,4176665,49.0432777404785,48.1491432189941,41.1979675292969
"12-07-2000",48.6856231689453,49.6691703796387,3792494,50.5185966491699,49.3562240600586,42.2307662963867
"13-07-2000",49.1773948669434,49.3562240600586,5840564,51.8597984313965,50.7868385314941,43.454833984375
"14-07-2000",51.1444931030273,51.1444931030273,7603582,55.9728164672852,55.1233901977539,47.1653366088867
"17-07-2000",54.5422019958496,54.9892692565918,6166159,57.895206451416,55.9728164672852,47.8921356201172
"18-07-2000",52.9327621459961,55.7939910888672,3661502,55.7939910888672,54.8104438781738,46.8975830078125
"19-07-2000",52.0386276245117,54.3633766174316,3539037,54.4080848693848,52.977466583252,45.3292388916016
"20-07-2000",38.6266098022461,52.8433494567871,3551619,54.5869102478027,38.6266098022461,33.050163269043
"21-07-2000",33.0829772949219,36.8383407592773,36442085,36.8383407592773,34.3794708251953,29.4161720275879
"24-07-2000",34.1559371948242,35.765380859375,13987130,35.8994979858398,35.4077262878418,30.2959899902344
"25-07-2000",32.0100135803223,35.0947761535645,9135790,35.4077262878418,32.0100135803223,27.3887920379639
"26-07-2000",30.6241054534912,32.8594436645508,11385312,33.3512153625488,30.7582263946533,26.3177223205566
"27-07-2000",28.8805446624756,31.6523609161377,9849609,32.1441345214844,29.1487846374512,24.9406299591064
"28-07-2000",28.2546482086182,29.8640918731689,9616982,29.9535045623779,29.5064373016357,25.2466506958008
"31-07-2000",28.701717376709,29.3723182678223,8053179,30.177038192749,29.1487846374512,24.9406299591064
"01-08-2000",28.2546482086182,29.104076385498,5931015,29.4617309570312,28.9699573516846,24.7876224517822
"02-08-2000",28.2546482086182,28.701717376709,6748845,29.4617309570312,28.701717376709,24.5581073760986
"03-08-2000",27.5840492248535,27.9864082336426,8592108,29.3276119232178,29.3276119232178,25.0936450958252
"04-08-2000",28.3440628051758,28.9699573516846,5152469,29.6405582427979,28.6570091247559,24.5198593139648
"07-08-2000",27.8522891998291,29.0593719482422,5560825,29.5064373016357,28.4334754943848,24.3285903930664
"08-08-2000",27.3158073425293,28.3887691497803,5116121,28.3887691497803,27.7628765106201,23.754810333252
"09-08-2000",27.539342880249,27.718168258667,4680504,28.5228900909424,28.1205291748047,24.0608253479004
"10-08-2000",27.6734619140625,27.9417018890381,3123691,28.4781837463379,27.8969955444336,23.869556427002
"11-08-2000",27.8522891998291,28.4334754943848,3431251,29.1934909820557,29.0593719482422,24.8641242980957
"14-08-2000",29.6852645874023,30.0429172515869,5536080,31.160587310791,31.1158790588379,26.6237449645996
"15-08-2000",30.4005718231201,31.2947063446045,4487440,31.6523609161377,30.4005718231201,26.0116996765137
"16-08-2000",29.7746772766113,30.5793991088867,3141306,31.1158790588379,31.1158790588379,26.6237449645996
"17-08-2000",30.8476390838623,30.8476390838623,9532403,33.798282623291,33.2618026733398,28.4598598480225
"18-08-2000",39.3866233825684,41.3090133666992,17783678,41.5772514343262,40.3254661560059,34.5037689208984
"21-08-2000",40.9960670471191,41.6666679382324,8576171,43.2761077880859,43.2761077880859,37.0284271240234
"22-08-2000",42.2478523254395,43.186695098877,4971568,43.2761077880859,43.2761077880859,37.0284271240234
"23-08-2000",42.4266815185547,42.8290405273438,3263631,43.3208160400391,43.2761077880859,37.0284271240234
"24-08-2000",42.2925605773926,43.186695098877,3031004,43.410228729248,42.7396278381348,36.569408416748
"25-08-2000",41.5325469970703,42.6949195861816,2444123,42.9631614685059,41.8454933166504,35.8043556213379
"28-08-2000",40.951358795166,41.7113723754883,3708894,42.1137351989746,41.9349060058594,35.880859375
"29-08-2000",41.8454933166504,41.9349060058594,6009023,45.7796859741211,45.0643768310547,38.5585250854492
"30-08-2000",43.5443496704102,45.2879104614258,3459770,45.734977722168,43.9020042419434,37.5639610290527
"31-08-2000",42.7396278381348,44.0808296203613,3479902,44.4384841918945,43.6337623596191,37.3344497680664
"01-09-2000",43.007869720459,43.410228729248,3138230,44.8408432006836,44.2596588134766,37.8699836730957
"05-09-2000",43.8125877380371,44.1255378723145,2044994,44.7067222595215,44.2149505615234,37.8317222595215
"06-09-2000",42.7843360900879,44.1255378723145,2235402,44.6173095703125,42.9184532165527,36.722412109375
"07-09-2000",42.3819732666016,42.9184532165527,2123003,44.4384841918945,44.2596588134766,37.8699836730957
"08-09-2000",42.2925605773926,43.3208160400391,2015776,43.6784706115723,42.3819732666016,36.2633781433105
"11-09-2000",40.0572242736816,42.2031478881836,2978858,42.2031478881836,40.5937042236328,34.7332801818848
"12-09-2000",39.3419151306152,39.9231033325195,2830251,41.3984260559082,39.3419151306152,33.6622047424316
"13-09-2000",38.313663482666,40.5937042236328,3523240,40.5937042236328,39.3419151306152,33.6622047424316
"14-09-2000",39.7442779541016,39.7889823913574,3569094,40.951358795166,39.8783988952637,34.1212387084961
"15-09-2000",39.7889823913574,39.8336906433105,3772783,42.0690269470215,40.772533416748,34.8862838745117
"18-09-2000",37.5536499023438,40.861946105957,4730692,41.2643051147461,38.6266098022461,33.050163269043
"19-09-2000",37.1959953308105,38.313663482666,3198065,38.6266098022461,38.5371971130371,32.9736518859863
"20-09-2000",37.0171661376953,38.313663482666,1968104,38.5371971130371,37.5536499023438,32.1321067810059
"21-09-2000",33.619457244873,37.6430625915527,2929789,37.6430625915527,34.3347625732422,29.3779277801514
"22-09-2000",34.2453498840332,34.3794708251953,3445231,35.765380859375,35.765380859375,30.6020069122314
"25-09-2000",34.4688835144043,35.944206237793,2388483,37.1512870788574,34.5582962036133,29.5691757202148
"26-09-2000",32.2782554626465,34.6924171447754,3050156,35.2736053466797,32.3229598999023,27.6565589904785
"27-09-2000",31.7417736053467,33.0382690429688,3916777,33.4406280517578,32.9041481018066,28.1538467407227
"28-09-2000",32.9488563537598,32.9488563537598,4224616,34.6477127075195,34.3012351989746,29.3492317199707
"29-09-2000",34.2006454467773,34.5582962036133,3677439,35.5865516662598,35.0053634643555,29.9517135620117
"02-10-2000",35.1394844055176,35.1394844055176,3008216,36.7489280700684,36.1677398681641,30.9462699890137
"03-10-2000",35.9889144897461,36.4806861877441,5556071,39.6995697021484,38.0007133483887,32.5146369934082
"04-10-2000",37.5536499023438,37.8218879699707,5531187,41.9349060058594,41.3984260559082,35.4218139648438
"05-10-2000",39.0736770629883,41.4431343078613,3998839,41.4431343078613,39.4313316345215,33.738712310791
"06-10-2000",36.6148071289062,39.9231033325195,2791806,40.0125198364258,37.3301124572754,31.940845489502
"09-10-2000",35.854793548584,37.2854080200195,2161588,37.2854080200195,36.257152557373,31.0227851867676
"10-10-2000",34.6030044555664,36.9277534484863,3090419,37.8665962219238,35.4524307250977,30.3342304229736
"11-10-2000",32.0547218322754,34.3347625732422,5527832,34.5582962036133,32.7700271606445,28.039083480835
"12-10-2000",30.9817600250244,33.4853363037109,4176665,33.708869934082,32.0100135803223,27.3887920379639
"13-10-2000",30.6241054534912,31.1158790588379,5075439,32.2335472106934,31.7417736053467,27.1592788696289
"16-10-2000",31.8758945465088,32.0994262695312,4157233,34.8265380859375,33.2170944213867,28.4216136932373
"17-10-2000",30.4899864196777,33.3065071105957,2883235,33.3512153625488,30.9817600250244,26.5089912414551
"18-10-2000",28.0758228302002,29.0146636962891,5637854,30.3558654785156,29.2381973266602,25.0171413421631
"19-10-2000",30.2664527893066,30.4005718231201,4599839,32.1441345214844,31.2947063446045,26.7767562866211
"20-10-2000",31.25,31.2947063446045,4653662,34.1112289428711,33.3065071105957,28.4981174468994
"23-10-2000",32.5464935302734,33.3065071105957,5035177,37.1065826416016,36.5253944396973,31.2522926330566
"24-10-2000",33.9771118164062,36.5253944396973,3616067,36.6595153808594,34.3794708251953,29.4161720275879
"25-10-2000",30.2217445373535,32.0994262695312,5268503,32.4123764038086,30.4899864196777,26.0882091522217
"26-10-2000",30.0429172515869,30.4899864196777,6379074,31.8758945465088,31.4735336303711,26.929759979248
"27-10-2000",32.1441345214844,32.8147354125977,4527143,33.798282623291,32.7253227233887,28.0008373260498
"30-10-2000",31.2947063446045,32.0547218322754,2719529,32.9041481018066,32.5464935302734,27.8478202819824
"31-10-2000",32.6359062194824,32.6359062194824,3913002,34.0665245056152,33.1276817321777,28.3451118469238
"01-11-2000",32.5912017822266,32.9041481018066,3398119,33.8429908752441,33.4853363037109,28.6511287689209
"02-11-2000",33.5300445556641,33.708869934082,3432789,34.8265380859375,34.4241752624512,29.4544334411621
"03-11-2000",32.7700271606445,34.0665245056152,2376740,34.1112289428711,33.4853363037109,28.6511287689209
"06-11-2000",32.8147354125977,33.5747489929199,2365835,33.5747489929199,33.1723899841309,28.3833599090576
"07-11-2000",32.5912017822266,32.6359062194824,2191505,33.1276817321777,32.8594436645508,28.115592956543
"08-11-2000",31.4288272857666,32.8594436645508,2386386,33.798282623291,31.7417736053467,27.1592788696289
"09-11-2000",29.7299709320068,31.9206008911133,3967384,31.9206008911133,31.160587310791,26.661994934082
"10-11-2000",28.1205291748047,30.0429172515869,4960104,30.5793991088867,28.2099437713623,24.1373348236084
"13-11-2000",27.2263946533203,28.0311164855957,5977289,29.1487846374512,28.1205291748047,24.0608253479004
"14-11-2000",28.791130065918,28.8805446624756,3953125,30.8029327392578,30.4899864196777,26.0882091522217
"15-11-2000",30.2217445373535,30.5793991088867,2409872,31.5629463195801,31.0264663696289,26.5472354888916
"16-11-2000",29.5064373016357,30.7135181427002,2773912,31.25,29.7746772766113,25.4761695861816
"17-11-2000",31.339412689209,31.4735336303711,7868084,33.9771118164062,33.8876953125,28.9953956604004
"20-11-2000",31.339412689209,33.5300445556641,4141016,33.5747489929199,31.9206008911133,27.3122882843018
"21-11-2000",33.1276817321777,34.7818298339844,10100690,36.1230316162109,34.7818298339844,29.7604427337646
"22-11-2000",32.5464935302734,34.7818298339844,3668492,35.0500717163086,34.3347625732422,29.3779277801514
"24-11-2000",34.8265380859375,34.9606590270996,1746521,36.8383407592773,36.4359817504883,31.1757984161377
"27-11-2000",35.765380859375,36.4359817504883,2995495,37.1512870788574,36.1230316162109,30.9080238342285
"28-11-2000",36.0783271789551,36.1230316162109,3540155,37.7324752807617,36.257152557373,31.0227851867676
"29-11-2000",36.5253944396973,36.9277534484863,4385107,38.6266098022461,38.5371971130371,32.9736518859863
"30-11-2000",36.2124443054199,37.9113006591797,4962620,38.0454216003418,37.3301124572754,31.940845489502
"01-12-2000",37.7324752807617,37.8665962219238,3628649,39.1183815002441,37.9113006591797,32.4381141662598
"04-12-2000",36.1230316162109,37.2406997680664,2895118,37.9560089111328,36.4806861877441,31.2140502929688
"05-12-2000",37.5983543395996,37.7324752807617,5472331,39.8336906433105,39.3866233825684,33.7004470825195
"06-12-2000",37.1959953308105,39.5207443237305,4366933,40.7278251647949,37.1959953308105,31.826078414917
"07-12-2000",36.7489280700684,37.5536499023438,3059942,39.2525024414062,38.6266098022461,33.050163269043
"08-12-2000",40.1466369628906,40.3254661560059,4409991,42.8290405273438,42.5160942077637,36.3781318664551
"11-12-2000",40.772533416748,41.9349060058594,3181289,42.4266815185547,41.3090133666992,35.3453140258789
"12-12-2000",40.772533416748,41.7560806274414,2134187,41.9796142578125,40.951358795166,35.0393028259277
"13-12-2000",41.3537216186523,42.2925605773926,4095581,42.4713897705078,41.6219596862793,35.613094329834
"14-12-2000",41.5325469970703,41.6666679382324,4246844,42.6502151489258,42.3819732666016,36.2633781433105
"15-12-2000",38.9842643737793,42.3819732666016,6050963,42.6949195861816,40.6831207275391,34.8097877502441
"18-12-2000",40.2807579040527,40.6831207275391,3403431,41.6666679382324,40.772533416748,34.8862838745117
"19-12-2000",40.6384124755859,40.772533416748,3278590,42.8290405273438,40.8172378540039,34.9245338439941
"20-12-2000",36.1677398681641,39.0736770629883,4698678,39.1183815002441,37.5536499023438,32.1321067810059
"21-12-2000",35.6759643554688,37.5536499023438,4023724,38.5148429870605,36.7489280700684,31.4435520172119
"22-12-2000",36.5253944396973,36.5700988769531,2558759,39.8783988952637,39.1183815002441,33.4709358215332
"26-12-2000",37.9113006591797,39.1630897521973,1579041,39.4760360717773,38.2689552307129,32.7441444396973
"27-12-2000",38.313663482666,38.313663482666,3748457,40.0572242736816,40.0125198364258,34.2359962463379
"28-12-2000",38.8948516845703,39.7889823913574,1763297,40.3254661560059,39.5654525756836,33.8534698486328
"29-12-2000",38.3583679199219,39.6101570129395,2069320,40.3701705932617,39.1630897521973,33.5092010498047
"02-01-2001",35.0947761535645,38.5371971130371,2261684,38.5371971130371,36.3912734985352,31.1375389099121
"03-01-2001",34.0218162536621,35.1394844055176,4502678,40.4148788452148,40.1466369628906,34.3507461547852
"04-01-2001",39.5654525756836,40.6831207275391,4398388,42.6949195861816,41.6666679382324,35.6513404846191
"05-01-2001",38.2689552307129,40.951358795166,3277052,41.6666679382324,39.3866233825684,33.7004470825195
"08-01-2001",37.4195289611816,38.8054351806641,2273288,39.8783988952637,38.0901298522949,32.5911445617676
"09-01-2001",37.0618743896484,38.2689552307129,2474180,39.2972106933594,37.9113006591797,32.4381141662598
"10-01-2001",37.4642333984375,37.5536499023438,2405958,39.7442779541016,39.5654525756836,33.8534698486328
"11-01-2001",38.403076171875,39.9678115844727,3517088,41.2643051147461,41.1748924255371,35.2305641174316
"12-01-2001",39.8336906433105,41.1748924255371,2549253,41.4878387451172,40.1466369628906,34.3507461547852
"16-01-2001",39.5654525756836,40.2360534667969,2600979,41.6666679382324,41.6219596862793,35.613094329834
"17-01-2001",42.1584396362305,42.1584396362305,8383107,45.1984977722168,44.3043632507324,37.9082260131836
"18-01-2001",43.186695098877,44.3043632507324,6978536,48.6409149169922,48.3279685974121,41.350959777832
"19-01-2001",46.1820449829102,48.283260345459,6185171,48.283260345459,46.8973541259766,40.1268768310547
"22-01-2001",43.9020042419434,46.9420585632324,2822422,46.9420585632324,44.8855514526367,38.4055137634277
"23-01-2001",43.9914169311523,44.8408432006836,3067911,45.7796859741211,44.8855514526367,38.4055137634277
"24-01-2001",41.4878387451172,45.0643768310547,5283881,45.3326187133789,41.4878387451172,35.4983291625977
"25-01-2001",38.6266098022461,40.548999786377,4284311,41.040771484375,39.5207443237305,33.8152160644531
"26-01-2001",37.6877670288086,38.8501434326172,3729864,39.8336906433105,39.0736770629883,33.4326934814453
"29-01-2001",38.6266098022461,39.6995697021484,3051275,40.4148788452148,38.9270401000977,33.3072204589844
"30-01-2001",38.9842643737793,39.5922737121582,2389462,39.5922737121582,39.1630897521973,33.5092010498047
"31-01-2001",38.1258926391602,39.3419151306152,2555544,39.8783988952637,39.0200271606445,33.3867835998535
"01-02-2001",37.3748207092285,38.1974258422852,3490526,38.6623764038086,38.4835472106934,32.9277496337891
"02-02-2001",37.1959953308105,38.533618927002,3020938,39.1559371948242,37.339054107666,31.9484958648682
"05-02-2001",34.3347625732422,38.3404846191406,3698968,38.5836906433105,35.1931343078613,30.1123676300049
"06-02-2001",35.3361968994141,35.3361968994141,3243360,37.5536499023438,36.459228515625,31.1956748962402
"07-02-2001",35.1573677062988,36.0515022277832,1774481,36.5522155761719,35.8655204772949,30.6876850128174
"08-02-2001",35.944206237793,35.944206237793,4129133,39.1559371948242,38.7768249511719,33.1787033081055
"09-02-2001",37.2103004455566,38.7839775085449,2443704,39.1416320800781,37.5536499023438,32.1321067810059
"12-02-2001",36.0157356262207,37.410587310791,3014368,37.9041481018066,36.5665245056152,31.2874774932861
"13-02-2001",33.8769683837891,36.4806861877441,4389720,36.9098701477051,33.8841209411621,28.9923439025879
"14-02-2001",34.1702423095703,34.5135917663574,4302345,35.0500717163086,34.3347625732422,29.3779277801514
"15-02-2001",35.4721031188965,35.5507888793945,3954802,39.3419151306152,38.5193138122559,32.9583587646484
"16-02-2001",34.7997131347656,35.765380859375,5005120,36.1230316162109,35.765380859375,30.6020069122314
"20-02-2001",30.7582263946533,35.1931343078613,6347759,35.3719596862793,31.4735336303711,26.929759979248
"21-02-2001",28.0400562286377,30.0429172515869,9363664,30.2217445373535,28.7553653717041,24.6040096282959
"22-02-2001",27.539342880249,28.5765380859375,6720046,29.0414886474609,27.9470672607422,23.9124031066895
"23-02-2001",25.4291858673096,27.9542198181152,5408582,28.1616592407227,27.3962802886963,23.4411315917969
"26-02-2001",26.6809730529785,26.9599437713623,3722175,27.718168258667,27.3962802886963,23.4411315917969
"27-02-2001",26.3876972198486,27.0028610229492,3646403,28.3690986633301,27.2889842987061,23.349328994751
"28-02-2001",25.6080112457275,27.4678115844727,3531208,27.7539348602295,25.7510738372803,22.0334434509277
"01-03-2001",24.6065807342529,25.6795425415039,5090817,27.8969955444336,27.4034328460693,23.4472637176514
"02-03-2001",26.0658073425293,26.072961807251,3432090,28.7839775085449,27.2031478881836,23.27587890625
"05-03-2001",26.5379104614258,27.2103004455566,2032832,28.0615158081055,27.2174549102783,23.2881298065186
"06-03-2001",27.96852684021,27.96852684021,3737693,29.5565090179443,29.0414886474609,24.8488292694092
"07-03-2001",29.0414886474609,30.257511138916,2736725,30.3147354125977,29.298999786377,25.0691699981689
"08-03-2001",28.3261795043945,29.30615234375,2838220,29.4849796295166,28.6123027801514,24.4816017150879
"09-03-2001",26.2160224914551,27.96852684021,2820745,28.233190536499,26.5021457672119,22.676082611084
"12-03-2001",25.0357646942139,25.7510738372803,3404130,26.1802577972412,25.0429172515869,21.4275188446045
"13-03-2001",25.1430625915527,25.4649505615234,2649769,26.3805446624756,26.1659507751465,22.3884239196777
"14-03-2001",24.992847442627,25.1788272857666,3685268,26.2446346282959,25.250358581543,21.605016708374
"15-03-2001",24.6995716094971,25.3934192657471,2882257,26.1587982177734,24.9284687042236,21.3295993804932
"16-03-2001",24.2918453216553,24.6065807342529,4145909,25.5722465515137,24.8569374084473,21.2683906555176
"19-03-2001",24.0414886474609,24.749641418457,2405539,26.8598003387451,26.4592266082764,22.6393566131592
"20-03-2001",24.5350494384766,25.9298992156982,4223218,25.9298992156982,24.5350494384766,20.9929790496826
"21-03-2001",21.1731033325195,23.6194553375244,8677666,24.1344776153564,22.6037197113037,19.3404750823975
"22-03-2001",22.7753925323486,22.8183116912842,4605012,25.0214595794678,24.8927040100098,21.2989902496338
"23-03-2001",24.8927040100098,24.8927040100098,5074740,28.2546482086182,27.0600852966309,23.1534729003906
"26-03-2001",25.8512153625488,26.5522174835205,2916927,26.9241771697998,26.5164527893066,22.6883277893066
"27-03-2001",25.565092086792,26.466381072998,2694785,26.4878406524658,26.4163093566895,22.6026401519775
"28-03-2001",23.2474956512451,25.1072959899902,4258867,25.1931324005127,23.3905582427979,20.0137138366699
"29-03-2001",21.4592266082764,22.8898429870605,8742533,23.7339057922363,21.4592266082764,18.3612060546875
"30-03-2001",21.6022891998291,21.8884124755859,5381042,22.7682399749756,21.9814014434814,18.8079891204834
"02-04-2001",21.6738204956055,23.0686702728271,3512475,23.2975673675537,22.0672397613525,18.8814392089844
"03-04-2001",20.0286121368408,21.5307579040527,5082848,21.8168811798096,21.1015739440918,18.0551776885986
"04-04-2001",19.8569374084473,20.5364818572998,2869535,21.0300426483154,20.0929908752441,17.1922054290771
"05-04-2001",20.5364818572998,20.565092086792,3350447,22.3175964355469,21.902717590332,18.7406673431396
"06-04-2001",17.8826904296875,18.5979976654053,7364944,19.9570827484131,19.8855514526367,17.014720916748
"09-04-2001",19.3347644805908,19.6852645874023,2894140,20.2145919799805,19.742488861084,16.8923053741455
"10-04-2001",19.9284687042236,20.1716747283936,2968933,21.8025741577148,21.3519306182861,18.269401550293
"11-04-2001",22.1745357513428,22.3533611297607,3331015,23.3190269470215,22.6609439849854,19.3894290924072
"12-04-2001",21.466381072998,22.1745357513428,3337585,24.6781120300293,24.2918453216553,20.7848834991455
"16-04-2001",23.1187400817871,23.7482128143311,2173890,23.9985694885254,23.8340492248535,20.3931789398193
"17-04-2001",22.7253227233887,23.0686702728271,1803560,24.298999786377,23.8412017822266,20.3992958068848
"18-04-2001",24.4635181427002,24.6781120300293,4993376,27.8111591339111,27.1745357513428,23.2513999938965
"19-04-2001",26.7453517913818,26.7453517913818,3886300,28.9699573516846,27.8898429870605,23.8634471893311
"20-04-2001",27.5464954376221,27.8826904296875,3567277,29.3276119232178,28.8984260559082,24.7264213562012
"23-04-2001",27.3390560150146,28.2546482086182,2869954,28.6123027801514,28.6123027801514,24.4816017150879
"24-04-2001",26.1087265014648,27.8254642486572,2702334,28.0758228302002,26.6237487792969,22.7801322937012
"25-04-2001",26.1301860809326,26.466381072998,2332283,27.8969955444336,27.7753925323486,23.7655162811279
"26-04-2001",27.1816883087158,27.3605155944824,2971030,29.30615234375,27.1888408660889,23.2636413574219
"27-04-2001",27.3605155944824,28.1831188201904,1713529,28.7553653717041,27.7467803955078,23.7410316467285
"30-04-2001",27.7825450897217,28.1831188201904,1690042,28.791130065918,27.9041481018066,23.8756809234619
"01-05-2001",26.8526477813721,27.1101570129395,2142435,28.2188835144043,28.0400562286377,23.9919700622559
"02-05-2001",28.0472106933594,28.5407733917236,1801183,28.9341926574707,28.4120178222656,24.3102283477783
"03-05-2001",27.0958518981934,28.0758228302002,1661663,28.0758228302002,27.5035762786865,23.5329360961914
"04-05-2001",26.5379104614258,27.3247509002686,2497527,27.96852684021,27.4463520050049,23.4839782714844
"07-05-2001",26.7525043487549,26.895565032959,2066663,27.9613723754883,27.7110157012939,23.7104301452637
"08-05-2001",27.0600852966309,27.8254642486572,1601269,28.3261795043945,27.4821166992188,23.5145778656006
"09-05-2001",26.8240337371826,27.1101570129395,2517379,28.5693855285645,27.8969955444336,23.869556427002
"10-05-2001",27.9399147033691,28.6123027801514,2468169,29.4563655853271,28.0472106933594,23.9980964660645
"11-05-2001",28.1115875244141,28.1115875244141,2059813,28.8841209411621,28.3905582427979,24.2918701171875
"14-05-2001",27.1959934234619,28.4835472106934,1747081,28.490701675415,27.718168258667,23.7165508270264
"15-05-2001",26.466381072998,27.0743923187256,2367233,27.8111591339111,26.7882690429688,22.9209003448486
"16-05-2001",25.3934192657471,26.080114364624,3199043,27.539342880249,27.539342880249,23.5635471343994
"17-05-2001",26.8383407592773,27.1816883087158,2991580,28.2546482086182,27.6967105865479,23.6981925964355
"18-05-2001",25.5364818572998,27.1816883087158,9310820,27.8612308502197,25.7510738372803,22.0334434509277
"21-05-2001",25.5364818572998,25.7510738372803,6312949,27.3962802886963,27.1816883087158,23.2575225830078
"22-05-2001",27.0600852966309,27.718168258667,3514712,28.4692420959473,28.0758228302002,24.0225791931152
"23-05-2001",26.8240337371826,27.4320468902588,3483816,27.4964237213135,27.1316165924072,23.2146816253662
"24-05-2001",25.9656658172607,27.1316165924072,2746930,27.2532196044922,25.9656658172607,22.2170543670654
"25-05-2001",26.3233184814453,26.3233184814453,2057576,27.539342880249,26.9599437713623,23.0677928924561
"29-05-2001",25.4220314025879,26.9313297271729,2223379,26.9313297271729,25.7153072357178,22.0028305053711
"30-05-2001",23.4048633575439,24.3919887542725,3547425,24.8927040100098,23.5121593475342,20.1177520751953
"31-05-2001",23.0686702728271,23.6051502227783,4622767,24.3204574584961,23.9914169311523,20.5278244018555
"01-06-2001",23.0042915344238,24.6781120300293,2389601,24.8569374084473,24.298999786377,20.7910060882568
"04-06-2001",23.8197422027588,24.3204574584961,2207442,24.4563655853271,23.9628047943115,20.5033416748047
"05-06-2001",23.9628047943115,23.9628047943115,3288795,24.5708141326904,24.3919887542725,20.8705730438232
"06-06-2001",23.9771099090576,24.3919887542725,2005990,24.9642353057861,24.5135917663574,20.9746189117432
"07-06-2001",23.9628047943115,23.9628047943115,2929229,26.072961807251,25.6366233825684,21.9355182647705
"08-06-2001",24.9284687042236,25.2074394226074,1315658,25.5364818572998,25.0429172515869,21.4275188446045
"11-06-2001",23.7195987701416,24.6065807342529,3188419,25.0357646942139,24.1559371948242,20.6685981750488
"12-06-2001",22.9613723754883,23.6194553375244,2875686,24.0701007843018,23.8197422027588,20.3809337615967
"13-06-2001",23.3476390838623,23.9628047943115,1588687,24.2703857421875,23.3476390838623,19.9769897460938
"14-06-2001",21.7095851898193,22.9971389770508,3332133,23.0042915344238,22.2460651397705,19.0344467163086
"15-06-2001",20.7439193725586,21.4735336303711,4001635,22.145923614502,21.7882690429688,18.6427364349365
"18-06-2001",20.944206237793,21.6738204956055,2492634,22.2246074676514,21.4592266082764,18.3612060546875
"19-06-2001",20.7439193725586,21.8168811798096,3296344,21.9456367492676,20.9728183746338,17.9450130462646
"20-06-2001",19.4921321868896,20.9728183746338,4626122,21.0300426483154,20.3290405273438,17.3941783905029
"21-06-2001",20.257511138916,20.565092086792,3120616,21.208869934082,21.1587982177734,18.1041469573975
"22-06-2001",20.5722465515137,20.7439193725586,3436703,21.7167377471924,21.0300426483154,17.9939746856689
"25-06-2001",20.8869800567627,21.0658073425293,2315927,21.4234619140625,21.208869934082,18.1469917297363
"26-06-2001",20.3719596862793,20.9585113525391,3507582,21.4234619140625,20.8869800567627,17.8715763092041
"27-06-2001",20.3505001068115,20.3505001068115,3380364,21.8168811798096,21.3519306182861,18.269401550293
"28-06-2001",21.4592266082764,21.4592266082764,4211056,22.8183116912842,22.6680965423584,19.3955459594727
"29-06-2001",22.03147315979,22.5321884155273,5617723,24.3919887542725,23.2474956512451,19.8913040161133
"02-07-2001",22.9041481018066,23.2474956512451,2152361,23.9628047943115,23.669527053833,20.2524032592773
"03-07-2001",23.1187400817871,23.7482128143311,938897,23.7482128143311,23.2618026733398,19.9035453796387
"05-07-2001",22.5679531097412,23.2546482086182,2075191,23.5622310638428,23.0114440917969,19.6893329620361
"06-07-2001",20.8440628051758,22.8183116912842,2225896,22.8183116912842,21.5665245056152,18.4530086517334
"09-07-2001",21.1802577972412,21.5665245056152,1387934,21.9241771697998,21.3948497772217,18.3061218261719
"10-07-2001",20.0858364105225,21.3948497772217,3387773,21.7453517913818,20.2432041168213,17.3207302093506
"11-07-2001",18.7410583496094,20.2789707183838,4336736,20.565092086792,19.2203159332275,16.4455108642578
"12-07-2001",20.2432041168213,20.386266708374,3449006,22.5321884155273,21.9885559082031,18.8141136169434
"13-07-2001",21.330472946167,21.9957084655762,2782020,22.9542198181152,21.6738204956055,18.544807434082
"16-07-2001",20.386266708374,21.5665245056152,2229810,21.9170246124268,20.6723880767822,17.6879634857178
"17-07-2001",20.0357646942139,20.2074394226074,2932165,21.4163093566895,21.1015739440918,18.0551776885986
"18-07-2001",20.1001434326172,20.1001434326172,1461190,20.9155941009521,20.3791122436523,17.4370212554932
"19-07-2001",20.4864082336426,20.4864082336426,1882267,21.8168811798096,20.7153072357178,17.7246837615967
"20-07-2001",19.9570827484131,20.5364818572998,2055619,21.0157375335693,20.6723880767822,17.6879634857178
"23-07-2001",19.7067241668701,20.7367668151855,2068481,20.9942779541016,19.8211727142334,16.9596347808838
"24-07-2001",19.313304901123,19.742488861084,2478794,19.992847442627,19.6351928710938,16.8004932403564
"25-07-2001",19.2560806274414,19.5994281768799,2293000,19.9141635894775,19.9141635894775,17.0392017364502
"26-07-2001",19.7782554626465,20.0286121368408,2545339,21.1373386383057,20.8941345214844,17.8776950836182
"27-07-2001",20.6080112457275,20.8512153625488,1849135,21.5951366424561,21.5307579040527,18.4224052429199
"30-07-2001",20.7796840667725,20.7796840667725,1809012,21.4234619140625,21.0443496704102,18.0062198638916
"31-07-2001",20.3361949920654,20.7796840667725,2143274,21.6738204956055,20.4649505615234,17.5104637145996
"01-08-2001",20.9012870788574,21.1015739440918,3514572,22.8111591339111,22.7110157012939,19.4322681427002
"02-08-2001",22.281831741333,22.5321884155273,2576933,23.3905582427979,22.7110157012939,19.4322681427002
"03-08-2001",22.2603721618652,22.3175964355469,1418131,23.1401996612549,22.3891277313232,19.1568565368652
"06-08-2001",21.8240337371826,22.3962802886963,1707797,22.5178833007812,22.0457801818848,18.8630752563477
"07-08-2001",21.8168811798096,22.0457801818848,1478105,22.7467803955078,22.1959934234619,18.9916095733643
"08-08-2001",20.686695098877,21.2446346282959,3093774,21.8884124755859,20.7081546783447,17.7185649871826
"09-08-2001",20.0429172515869,20.7081546783447,1616368,20.7081546783447,20.4864082336426,17.5288276672363
"10-08-2001",19.6781120300293,20.4935626983643,2393516,20.6008586883545,20.4506435394287,17.4982261657715
"13-08-2001",20.1716747283936,20.7439193725586,1203958,20.9942779541016,20.686695098877,17.7002048492432
"14-08-2001",20.7439193725586,20.7439193725586,2181859,21.2446346282959,21.1301860809326,18.0796642303467
"15-08-2001",19.6423454284668,20.6723880767822,1619024,20.8726749420166,19.9213161468506,17.0453205108643
"16-08-2001",19.0271816253662,19.4921321868896,2513045,19.8497848510742,19.6709594726562,16.8311042785645
"17-08-2001",18.7267532348633,19.5278968811035,2154877,19.5278968811035,18.919885635376,16.1884593963623
"20-08-2001",18.0901298522949,18.669527053833,2238058,18.8555088043213,18.66237449646,15.9681272506714
"21-08-2001",17.3819732666016,18.0257511138916,7619100,19.313304901123,18.919885635376,16.1884593963623
"22-08-2001",18.5979976654053,19.2060089111328,2534294,19.30615234375,18.8698139190674,16.1456127166748
"23-08-2001",18.5193138122559,18.8698139190674,3637736,19.1630897521973,18.7195987701416,16.0170936584473
"24-08-2001",18.8125896453857,18.9556503295898,1958598,20.0643787384033,19.8783988952637,17.0085887908936
"27-08-2001",19.3490695953369,20.0500717163086,1373815,20.0572242736816,19.4277534484863,16.6230049133301
"28-08-2001",19.1416301727295,19.4563655853271,1880450,19.8855514526367,19.6709594726562,16.8311042785645
"29-08-2001",19.3919887542725,19.5994281768799,1934692,19.742488861084,19.4206008911133,16.6168880462646
"30-08-2001",18.533618927002,19.2417736053467,1991451,19.7067241668701,18.6337623596191,15.9436407089233
"31-08-2001",18.490701675415,18.5264663696289,1439521,19.1344776153564,18.9556503295898,16.2190570831299
"04-09-2001",18.3118743896484,18.8483543395996,1868427,19.2775382995605,18.4763946533203,15.8089971542358
"05-09-2001",17.3533611297607,18.1330471038818,4119067,18.4406280517578,17.5965671539307,15.0561838150024
"06-09-2001",16.5951366424561,17.4177398681641,3933972,17.5608005523682,17.1673812866211,14.6889638900757
"07-09-2001",16.5307579040527,16.5951366424561,2353114,17.3462085723877,16.7024326324463,14.2911376953125
"10-09-2001",15.9942779541016,16.0944213867188,2746371,16.5808296203613,16.4878406524658,14.1075239181519
"17-09-2001",15.0214586257935,15.1287546157837,3550920,16.080114364624,15.5579395294189,13.3118724822998
"18-09-2001",15.0214586257935,15.3791131973267,2132090,16.0228900909424,15.5436344146729,13.2996311187744
"19-09-2001",14.3848352432251,15.4005718231201,4091666,16.4520740509033,16.2732467651367,13.9239101409912
"20-09-2001",14.6924180984497,15.7367668151855,2919863,15.7439203262329,14.8927040100098,12.7426748275757
"21-09-2001",12.8755359649658,12.8755359649658,4078106,14.6280403137207,14.4134483337402,12.3326091766357
"24-09-2001",14.4492130279541,14.6638050079346,2779643,15.5150213241577,15.0214586257935,12.8528423309326
"25-09-2001",13.2331895828247,15.1645212173462,3446210,15.1645212173462,14.1487836837769,12.1061553955078
"26-09-2001",13.2331895828247,14.2703857421875,3173041,14.4492130279541,13.8054361343384,11.8123750686646
"27-09-2001",13.1759662628174,13.6337633132935,2527025,13.7625179290771,13.7625179290771,11.7756519317627
"28-09-2001",13.5908441543579,13.8769674301147,3049178,14.248927116394,13.984263420105,11.9653816223145
"01-10-2001",13.3905582427979,13.6981401443481,1960695,13.9270391464233,13.4907007217407,11.5430736541748
"02-10-2001",13.5908441543579,13.5908441543579,3390150,14.3776817321777,14.3562231063843,12.2836456298828
"03-10-2001",13.984263420105,14.1988563537598,4097398,15.3648071289062,15.2002859115601,13.0058498382568
"04-10-2001",15.064377784729,15.1645212173462,3655490,15.9155941009521,15.5221748352051,13.2812719345093
"05-10-2001",14.5922746658325,15.3791131973267,2721487,15.4148778915405,15.0929899215698,12.9140462875366
"08-10-2001",14.7353363037109,14.9499282836914,2069739,15.7296142578125,15.3218879699707,13.1098957061768
"09-10-2001",14.6280403137207,15.3218879699707,1821594,15.3576536178589,14.8640918731689,12.7181940078735
"10-10-2001",14.6638050079346,14.6995706558228,2042618,15.7224607467651,15.69384765625,13.4281625747681
"11-10-2001",15.8297567367554,15.8297567367554,4024702,17.4248924255371,17.2532196044922,14.7624063491821
"12-10-2001",16.3805446624756,16.6809730529785,3693656,16.9885559082031,16.7095851898193,14.2972583770752
"15-10-2001",16.0085830688477,16.7525043487549,2539187,16.8812599182129,16.6165943145752,14.2176904678345
"16-10-2001",16.4520740509033,16.4520740509033,1661803,17.153076171875,17.03147315979,14.5726757049561
"17-10-2001",16.5236053466797,17.5250358581543,2791806,17.7324752807617,16.895565032959,14.4563846588135
"18-10-2001",16.1158790588379,16.3447780609131,1391010,16.6666679382324,16.2374820709229,13.8933057785034
"19-10-2001",16.0658073425293,16.1731033325195,1585891,16.8097286224365,16.7095851898193,14.2972583770752
"22-10-2001",16.1659507751465,16.2374820709229,1441618,16.9814014434814,16.8884124755859,14.4502658843994
"23-10-2001",16.8812599182129,16.8884124755859,1902259,17.6323318481445,17.0600852966309,14.5971565246582
"24-10-2001",16.6309013366699,16.9742488861084,1637617,17.3462085723877,17.3247509002686,14.8236093521118
"25-10-2001",15.951358795166,16.8097286224365,2410571,17.2603721618652,17.2603721618652,14.7685289382935
"26-10-2001",17.0672397613525,17.0958518981934,1924766,17.5822601318359,17.410587310791,14.8970556259155
"29-10-2001",16.1373386383057,17.0672397613525,1727089,17.0743923187256,16.4020023345947,14.0340795516968
"30-10-2001",15.7725324630737,16.3090133666992,1923368,16.4520740509033,15.879828453064,13.5872888565063
"31-10-2001",15.8440628051758,16.0228900909424,1724293,16.5951366424561,15.9299001693726,13.6301326751709
"01-11-2001",15.7796850204468,15.8226041793823,1543112,16.4520740509033,16.3805446624756,14.0157203674316
"02-11-2001",16.3161659240723,16.5593719482422,1321669,16.7739639282227,16.6666679382324,14.260534286499
"05-11-2001",16.7739639282227,16.7739639282227,2738263,17.7396278381348,17.5107307434082,14.9827442169189
"06-11-2001",17.2746772766113,17.6895561218262,2304044,18.233190536499,18.233190536499,15.600905418396
"07-11-2001",17.5536479949951,17.8755359649658,1567997,18.0758228302002,17.6680965423584,15.1173849105835
"08-11-2001",17.5608005523682,17.5965671539307,2690032,18.4120178222656,17.7038631439209,15.1479949951172
"09-11-2001",17.3819732666016,17.4535045623779,1310206,17.839771270752,17.7396278381348,15.1785926818848
"12-11-2001",16.8884124755859,17.4248924255371,2104829,17.7396278381348,17.6251792907715,15.0806674957275
"13-11-2001",17.2961368560791,17.3104438781738,2973266,17.8826904296875,17.846923828125,15.2704010009766
"14-11-2001",17.8898429870605,17.9613723754883,2448038,18.3834056854248,18.104434967041,15.4907302856445
"15-11-2001",17.3175964355469,17.8826904296875,2672277,18.1616592407227,17.9041481018066,15.3193597793579
